{
  "initial_brl": 5000.0,
  "final_brl": 3893.7666493256575,
  "initial_usd": 906.289617586466,
  "final_usd": 776.0372114663872,
  "win_rate": 0.20512820512820512,
  "profit_factor": 0.34327537405785186,
  "strat_perf": {
    "EMA Pullback": -51.076657916703084,
    "MACD Momentum": -25.47057793276828,
    "Donchian Breakout": -31.244948572937567,
    "BB Reversion": -22.3153124876669
  },
  "crypto_perf": {
    "ETH": -34.22172103396057,
    "BTC": -48.705953052387784,
    "SOL": -47.17982282372748
  },
  "total_trades": 195
}